name, firstname, surname, email
discherdiedre,diedre,discher,d.discher@unicity.co.nz
evetterline,erline,evett,e.evett@unicity.co.nz
chesnuttcelesta,celesta,chesnutt,c.chesnutt@unicity.co.nz
johnsonjunko,junko,johnson,j.johnson@unicity.co.nz
fullerfernanda,fernanda,fuller,f.fuller@unicity.co.nz
aburtoamie,amie,aburto,a.aburto@unicity.co.nz
trosttrisha,trisha,trost,t.trost@unicity.co.nz
romoricki,ricki,romo,r.romo@unicity.co.nz
duryeadora,dora,duryea,d.duryea@unicity.co.nz
mccardellmirta,mirta,mccardell,m.mccardell@unicity.co.nz
cromleychia,chia,cromley,c.cromley@unicity.co.nz
bodkinbilly,billy,bodkin,b.bodkin@unicity.co.nz
munyonmeagan,meagan,munyon,m.munyon@unicity.co.nz
madrugamuoi,muoi,madruga,m.madruga@unicity.co.nz
amesarchie,archie,ames,a.ames@unicity.co.nz
taulbeethad,thad,taulbee,t.taulbee@unicity.co.nz
jelinekjerlene,jerlene,jelinek,j.jelinek@unicity.co.nz
galvezgraig,graig,galvez,g.galvez@unicity.co.nz
tidwelltillie,tillie,tidwell,t.tidwell@unicity.co.nz
leardlaine,laine,leard,l.leard@unicity.co.nz
byromboyd,boyd,byrom,b.byrom@unicity.co.nz
maedamelvina,melvina,maeda,m.maeda@unicity.co.nz
carlsoncelina,celina,carlson,c.carlson@unicity.co.nz
jacqueminjerold,jerold,jacquemin,j.jacquemin@unicity.co.nz
boreyblake,blake,borey,b.borey@unicity.co.nz
kilbournekris,kris,kilbourne,k.kilbourne@unicity.co.nz
jenningjerica,jerica,jenning,j.jenning@unicity.co.nz
alvisannie,annie,alvis,a.alvis@unicity.co.nz
murrellmarvella,marvella,murrell,m.murrell@unicity.co.nz
langhamlinwood,linwood,langham,l.langham@unicity.co.nz
yountyahaira,yahaira,yount,y.yount@unicity.co.nz
drouindelinda,delinda,drouin,d.drouin@unicity.co.nz
seatshantell,shantell,seat,s.seat@unicity.co.nz
stclairstuart,stuart,stclair,s.stclair@unicity.co.nz
sextonselena,selena,sexton,s.sexton@unicity.co.nz
atwoodann,ann,atwood,a.atwood@unicity.co.nz
corpuscarletta,carletta,corpus,c.corpus@unicity.co.nz
jelksjoie,joie,jelks,j.jelks@unicity.co.nz
remillardrosalia,rosalia,remillard,r.remillard@unicity.co.nz
veltrivito,vito,veltri,v.veltri@unicity.co.nz
oylerorlando,orlando,oyler,o.oyler@unicity.co.nz
bundrenbethany,bethany,bundren,b.bundren@unicity.co.nz
mizellmeridith,meridith,mizell,m.mizell@unicity.co.nz
arringtonabel,abel,arrington,a.arrington@unicity.co.nz
hartzoghiedi,hiedi,hartzog,h.hartzog@unicity.co.nz
tapiatinisha,tinisha,tapia,t.tapia@unicity.co.nz
drewdaina,daina,drew,d.drew@unicity.co.nz
romanowskirolando,rolando,romanowski,r.romanowski@unicity.co.nz
johsonjarrod,jarrod,johson,j.johson@unicity.co.nz
tarpleyterry,terry,tarpley,t.tarpley@unicity.co.nz
cardozachristie,christie,cardoza,c.cardoza@unicity.co.nz
mayedamirella,mirella,mayeda,m.mayeda@unicity.co.nz
ritchierickey,rickey,ritchie,r.ritchie@unicity.co.nz
livseyleonore,leonore,livsey,l.livsey@unicity.co.nz
laramielilly,lilly,laramie,l.laramie@unicity.co.nz
servantesshoshana,shoshana,servantes,s.servantes@unicity.co.nz
arehartadrianne,adrianne,arehart,a.arehart@unicity.co.nz
ayarsangla,angla,ayars,a.ayars@unicity.co.nz
lanzlatina,latina,lanz,l.lanz@unicity.co.nz
newbroughnoreen,noreen,newbrough,n.newbrough@unicity.co.nz
hatterhilaria,hilaria,hatter,h.hatter@unicity.co.nz
lassenlang,lang,lassen,l.lassen@unicity.co.nz
rivaruthie,ruthie,riva,r.riva@unicity.co.nz
campochristena,christena,campo,c.campo@unicity.co.nz
robareriva,riva,robare,r.robare@unicity.co.nz
marlowmeggan,meggan,marlow,m.marlow@unicity.co.nz
wickswanita,wanita,wicks,w.wicks@unicity.co.nz
laskeylolita,lolita,laskey,l.laskey@unicity.co.nz
surfacesuzanna,suzanna,surface,s.surface@unicity.co.nz
rasconreyes,reyes,rascon,r.rascon@unicity.co.nz
ipockilona,ilona,ipock,i.ipock@unicity.co.nz
laveryleigh,leigh,lavery,l.lavery@unicity.co.nz
bosiobuster,buster,bosio,b.bosio@unicity.co.nz
gremilliongenny,genny,gremillion,g.gremillion@unicity.co.nz
riddlesroberta,roberta,riddles,r.riddles@unicity.co.nz
adgeralva,alva,adger,a.adger@unicity.co.nz
chiching,ching,chi,c.chi@unicity.co.nz
lundaylaraine,laraine,lunday,l.lunday@unicity.co.nz
ectorela,ela,ector,e.ector@unicity.co.nz
stubersheree,sheree,stuber,s.stuber@unicity.co.nz
dongdexter,dexter,dong,d.dong@unicity.co.nz
renickrosalee,rosalee,renick,r.renick@unicity.co.nz
edieeve,eve,edie,e.edie@unicity.co.nz
jarrellsjunko,junko,jarrells,j.jarrells@unicity.co.nz
siassue,sue,sias,s.sias@unicity.co.nz
deyodorie,dorie,deyo,d.deyo@unicity.co.nz
lannilaure,laure,lanni,l.lanni@unicity.co.nz
jonesjanessa,janessa,jones,j.jones@unicity.co.nz
vandusenviolette,violette,vandusen,v.vandusen@unicity.co.nz
rickardsroseanna,roseanna,rickards,r.rickards@unicity.co.nz
adkinsonalica,alica,adkinson,a.adkinson@unicity.co.nz
armeralethia,alethia,armer,a.armer@unicity.co.nz
lochlove,love,loch,l.loch@unicity.co.nz
bernatberneice,berneice,bernat,b.bernat@unicity.co.nz
johnstonejorge,jorge,johnstone,j.johnstone@unicity.co.nz
roneyrandi,randi,roney,r.roney@unicity.co.nz
jenksjamal,jamal,jenks,j.jenks@unicity.co.nz
messingmatilde,matilde,messing,m.messing@unicity.co.nz
alspaughannabelle,annabelle,alspaugh,a.alspaugh@unicity.co.nz
jaegerjimmie,jimmie,jaeger,j.jaeger@unicity.co.nz
